celltypeannotation,colour
Anterior primitive streak/Def. endoderm,#faa38a
Caudal epiblast,#56d312
Caudal epiblast/primitive streak,#ffc36a
Caudal mesoderm,#01ef92
Cd63+ ectoderm-like artefact,#e9b000
Ectopic pluripotency,#01d9bd
Epiblast,#bdfe0b
Epiblast/primitive streak,#70cb94
Exiting naïve pluripotency,#efff4e
Gut,#8affc4
Hemogenic endothelium,#cfba1d
Naïve pluripotency,#35d365
Neuromesodermal progenitors,#edff9b
Paraxial mesoderm,#53d240
Pre-somitic mesoderm,#b8dfa2
Primitive streak,#9ec72a
Somite,#78cc6e
Somite differentiation front,#baff73
Zscan4+ Artefact,#a5c54a
