"gene_marker","mouse_symbol","map_method","in_rna","in_sct"
"EOMES","Eomes","casefold_universe",TRUE,TRUE
"GATA6","Gata6","casefold_universe",TRUE,TRUE
"MESP1","Mesp1","casefold_universe",TRUE,TRUE
"NKX2-5","Nkx2-5","casefold_universe",TRUE,TRUE
"SOX17","Sox17","casefold_universe",TRUE,TRUE
"CDX2","Cdx2","casefold_universe",TRUE,TRUE
"ETV2","Etv2","casefold_universe",TRUE,TRUE
"KDR","Kdr","casefold_universe",TRUE,TRUE
"MYF5","Myf5","casefold_universe",TRUE,TRUE
"MYOD","Myod1","org.Mm.eg.db_alias",TRUE,FALSE
"ALDH1A2","Aldh1a2","casefold_universe",TRUE,TRUE
"T","T","casefold_universe",TRUE,TRUE
"TBX6","Tbx6","casefold_universe",TRUE,TRUE
"PAX6","Pax6","casefold_universe",TRUE,FALSE
"SOX1","Sox1","casefold_universe",TRUE,FALSE
"SOX2","Sox2","casefold_universe",TRUE,TRUE
"TFAP2A","Tfap2a","casefold_universe",TRUE,FALSE
"HES7","Hes7","casefold_universe",TRUE,TRUE
"PAX3","Pax3","casefold_universe",TRUE,TRUE
